bank_key,bank_name_clean,city,state_code
30128599502972,First National Bank of Lindsay,Lindsay,OK
253876020376088,Republic First Bank dba Republic Bank,Philadelphia,PA
156257714982801,Citizens Bank,Sac City,IA
31374915468621,Heartland Tri-State Bank,Elkhart,KS
78282939598958,First Republic Bank,San Francisco,CA
21473656683001,Signature Bank,New York,NY
192450113276614,Silicon Valley Bank,Santa Clara,CA
203863611006213,Almena State Bank,Almena,KS
226377680804306,First City Bank of Florida,Fort Walton Beach,FL
232419536782735,The First State Bank,Barboursville,WV
179100314976588,Ericson State Bank,Ericson,NE
150243485328793,City National Bank of New Jersey,Newark,NJ
9645463513230,Resolute Bank,Maumee,OH
657790161064,Louisa Community Bank,Louisa,KY
105604666905649,The Enloe State Bank,Cooper,TX
46689478298989,Washington Federal Bank for Savings,Chicago,IL
90249345647587,The Farmers and Merchants State Bank of Argonia,Argonia,KS
137594684161238,Fayette County Bank,Saint Elmo,IL
263007682825261,"Guaranty Bank, (d/b/a BestBank in Georgia & Michigan)",Milwaukee,WI
213317146312379,First NBC Bank,New Orleans,LA
68333551338297,Proficio Bank,Cottonwood Heights,UT
209799875229142,Seaway Bank and Trust Company,Chicago,IL
223951781996117,Harvest Community Bank,Pennsville,NJ
104995087127396,Allied Bank,Mulberry,AR
205101981063515,The Woodbury Banking Company,Woodbury,GA
146986449529146,First CornerStone Bank,King of Prussia,PA
48470195798758,Trust Company Bank,Memphis,TN
53923490627893,North Milwaukee State Bank,Milwaukee,WI
28047659848104,Hometown National Bank,Longview,WA
151362816182331,The Bank of Georgia,Peachtree City,GA
59722698187730,Premier Bank,Denver,CO
251758667937166,Edgebrook Bank,Chicago,IL
22010483782372,Doral Bank,San Juan,PR
249356226028640,Capitol City Bank & Trust Company,Atlanta,GA
48491812441950,Highland Community Bank,Chicago,IL
255095359334209,First National Bank of Crestview,Crestview,FL
44990995978100,Northern Star Bank,Mankato,MN
101390295724913,"Frontier Bank, FSB D/B/A El Paseo Bank",Palm Desert,CA
222174631854668,The National Republic Bank of Chicago,Chicago,IL
11639496775156,NBRS Financial,Rising Sun,MD
17208335270255,"GreenChoice Bank, fsb",Chicago,IL
40367742925410,Eastside Commercial Bank,Conyers,GA
173075166209929,The Freedom State Bank,Freedom,OK
34478586431229,Valley Bank,Fort Lauderdale,FL
278223107647932,Valley Bank,Moline,IL
244433797686213,Slavie Federal Savings Bank,Bel Air,MD
86237385239068,Columbia Savings Bank,Cincinnati,OH
214927030622167,AztecAmerica Bank,Berwyn,IL
47495518835179,Allendale County Bank,Fairfax,SC
58201752512335,Vantage Point Bank,Horsham,PA
61385561424723,"Millennium Bank, National Association",Sterling,VA
262281658734258,Syringa Bank,Boise,ID
139210722917879,The Bank of Union,El Reno,OK
184547987600054,DuPage National Bank,West Chicago,IL
35265545797914,"Texas Community Bank, National Association",The Woodlands,TX
173374105794924,Bank of Jackson County,Graceville,FL
177176665560729,First National Bank also operating as The National Bank of El Paso,Edinburg,TX
241553834917168,The Community's Bank,Bridgeport,CT
189916307407467,Sunrise Bank of Arizona,Phoenix,AZ
225454830610923,Community South Bank,Parsons,TN
175925114435420,Bank of Wausau,Wausau,WI
85759139673216,First Community Bank of Southwest Florida (also operating as Community Bank of Cape Coral),Fort Myers,FL
43563957261970,Mountain National Bank,Sevierville,TN
108739054636623,1st Commerce Bank,North Las Vegas,NV
7776498466589,Banks of Wisconsin d/b/a Bank of Kenosha,Kenosha,WI
217311050325668,Central Arizona Bank,Scottsdale,AZ
55788531631221,Sunrise Bank,Valdosta,GA
211476859794618,Pisgah Community Bank,Asheville,NC
220829623521329,Douglas County Bank,Douglasville,GA
202191371750603,Parkway Bank,Lenoir,NC
167693952933593,Chipola Community Bank,Marianna,FL
23996814712573,Heritage Bank of North Florida,Orange Park,FL
96553660767246,First Federal Bank,Lexington,KY
203295412792686,Gold Canyon Bank,Gold Canyon,AZ
155073302505080,Frontier Bank,LaGrange,GA
34741674723977,Covenant Bank,Chicago,IL
119415505139160,1st Regents Bank,Andover,MN
263294522238379,Westside Community Bank,University Place,WA
182039218821996,Community Bank of the Ozarks,Sunrise Beach,MO
157933470795810,Hometown Community Bank,Braselton,GA
224344460673365,Citizens First National Bank,Princeton,IL
65522460215758,Heritage Bank of Florida,Lutz,FL
109850112984984,NOVA Bank,Berwyn,PA
48717856184097,Excel Bank,Sedalia,MO
98321098910112,First East Side Savings Bank,Tamarac,FL
237625172719799,GulfSouth Private Bank,Destin,FL
234011923063420,First United Bank,Crete,IL
15520070772332,Truman Bank,St. Louis,MO
272154817045709,First Commercial Bank,Bloomington,MN
72080004805041,Waukegan Savings Bank,Waukegan,IL
19147014754627,Jasper Banking Company,Jasper,GA
258560244787373,Second Federal Savings and Loan Association of Chicago,Chicago,IL
67426348329218,Heartland Bank,Leawood,KS
254635555151792,First Cherokee State Bank,Woodstock,GA
252535849612168,Georgia Trust Bank,Buford,GA
268658451814638,The Royal Palm Bank of Florida,Naples,FL
229130612291018,Glasgow Savings Bank,Glasgow,MO
119012483688911,Montgomery Bank & Trust,Ailey,GA
103529867132281,The Farmers Bank of Lynchburg,Lynchburg,TN
42753917311128,Security Exchange Bank,Marietta,GA
266354874022444,Putnam State Bank,Palatka,FL
160496685867363,Waccamaw Bank,Whiteville,NC
121603843397148,Farmers' and Traders' State Bank,Shabbona,IL
84236955863110,Carolina Federal Savings Bank,Charleston,SC
243500606756568,First Capital Bank,Kingfisher,OK
136825210974960,"Alabama Trust Bank, National Association",Sylacauga,AL
238333585894139,"Security Bank, National Association",North Lauderdale,FL
248789547221107,Palm Desert National Bank,Palm Desert,CA
185745223252040,Plantation Federal Bank,Pawleys Island,SC
27275200612343,"Inter Savings Bank, fsb D/B/A InterBank, fsb",Maple Grove,MN
117998310915886,HarVest Bank of Maryland,Gaithersburg,MD
242152473435652,Bank of the Eastern Shore,Cambridge,MD
232287846030804,"Fort Lee Federal Savings Bank, FSB",Fort Lee,NJ
87373563891969,Fidelity Bank,Dearborn,MI
276245986940139,Premier Bank,Wilmette,IL
2426008879813,Covenant Bank & Trust,Rock Spring,GA
248119824205864,New City Bank,Chicago,IL
138563359021339,Global Commerce Bank,Doraville,GA
173912705212693,Home Savings of America,Little Falls,MN
204709524069845,Central Bank of Georgia,Ellaville,GA
126709628297178,SCB Bank,Shelbyville,IN
163451334114987,Charter National Bank and Trust,Hoffman Estates,IL
109613871202675,BankEast,Knoxville,TN
137979753696874,Patriot Bank Minnesota,Forest Lake,MN
142094103705135,Tennessee Commerce Bank,Franklin,TN
6341659315465,First Guaranty Bank and Trust Company of Jacksonville,Jacksonville,FL
251669121354127,American Eagle Savings Bank,Boothwyn,PA
112866961055382,The First State Bank,Stockbridge,GA
195095076509756,Central Florida State Bank,Belleview,FL
186712285257853,Western National Bank,Phoenix,AZ
156677875529501,Premier Community Bank of the Emerald Coast,Crestview,FL
136425461366008,Central Progressive Bank,Lacombe,LA
158202005751278,Polk County Bank,Johnston,IA
44636877561747,Community Bank of Rockmart,Rockmart,GA
154745607482625,SunFirst Bank,Saint George,UT
156522515929748,"Mid City Bank, Inc.",Omaha,NE
102817508864158,All American Bank,Des Plaines,IL
180623707177282,Community Banks of Colorado,Greenwood Village,CO
20196630391045,Community Capital Bank,Jonesboro,GA
248557565475352,Decatur First Bank,Decatur,GA
264554377854022,Old Harbor Bank,Clearwater,FL
163331188208458,Country Bank,Aledo,IL
21658326471645,First State Bank,Cranford,NJ
95337418698383,"Blue Ridge Savings Bank, Inc.",Asheville,NC
81236679751368,Piedmont Community Bank,Gray,GA
164450893214704,Sun Security Bank,Ellington,MO
52427102463101,The RiverBank,Wyoming,MN
204719704050435,First International Bank,Plano,TX
133504409126387,Citizens Bank of Northern California,Nevada City,CA
206796110289939,Bank of the Commonwealth,Norfolk,VA
20631661267082,The First National Bank of Florida,Milton,FL
169695442695207,CreekSide Bank,Woodstock,GA
109648271461203,Patriot Bank of Georgia,Cumming,GA
244931879239726,First Choice Bank,Geneva,IL
138921526679051,First Southern National Bank,Statesboro,GA
161456397298721,Lydian Private Bank,Palm Beach,FL
142141806126185,Public Savings Bank,Huntingdon Valley,PA
156144725534577,The First National Bank of Olathe,Olathe,KS
127839143860350,Bank of Whitman,Colfax,WA
86665557116890,Bank of Shorewood,Shorewood,IL
181220273268289,Integra Bank National Association,Evansville,IN
15780690849658,"BankMeridian, N.A.",Columbia,SC
192083797263985,Virginia Business Bank,Richmond,VA
193628785556233,Bank of Choice,Greeley,CO
90446285355801,LandMark Bank of Florida,Sarasota,FL
212797879235574,Southshore Community Bank,Apollo Beach,FL
33582246154718,Summit Bank,Prescott,AZ
182521277662936,First Peoples Bank,Port St. Lucie,FL
200863864079029,High Trust Bank,Stockbridge,GA
182410058892420,One Georgia Bank,Atlanta,GA
224598630583074,Signature Bank,Windsor,CO
153160682295961,Colorado Capital Bank,Castle Rock,CO
106919394667813,First Chicago Bank & Trust,Chicago,IL
254670834595042,Mountain Heritage Bank,Clayton,GA
52897997380874,First Commercial Bank of Tampa Bay,Tampa,FL
124518872883677,McIntosh State Bank,Jackson,GA
129950459522290,Atlantic Bank and Trust,Charleston,SC
90461481129393,First Heritage Bank,Snohomish,WA
97044445960625,Summit Bank,Burlington,WA
87071018834112,First Georgia Banking Company,Franklin,GA
198116268240903,Atlantic Southern Bank,Macon,GA
128109898925977,Coastal Bank,Cocoa Beach,FL
257348951347747,Community Central Bank,Mount Clemens,MI
89765636329,The Park Avenue Bank,Valdosta,GA
66771260322001,First Choice Community Bank,Dallas,GA
107032708519300,Cortez Community Bank,Brooksville,FL
252944878648286,First National Bank of Central Florida,Winter Park,FL
104787406734910,Heritage Banking Group,Carthage,MS
29108105763614,Rosemount National Bank,Rosemount,MN
38750473672057,Superior Bank,Birmingham,AL
211393506630836,Nexity Bank,Birmingham,AL
245462328092692,New Horizons Bank,East Ellijay,GA
47100877880239,Bartow County Bank,Cartersville,GA
22416962433201,Nevada Commerce Bank,Las Vegas,NV
49684799748582,Western Springs National Bank and Trust,Western Springs,IL
62004757678284,The Bank of Commerce,Wood Dale,IL
33962345356158,Legacy Bank,Milwaukee,WI
210658842112237,First National Bank of Davis,Davis,OK
278742265083930,Valley Community Bank,St. Charles,IL
280931904464097,"San Luis Trust Bank, FSB",San Luis Obispo,CA
114605599444425,Charter Oak Bank,Napa,CA
130282347713796,Citizens Bank of Effingham,Springfield,GA
278205306251949,Habersham Bank,Clarkesville,GA
211984449791399,Canyon National Bank,Palm Springs,CA
98606248000217,Badger State Bank,Cassville,WI
21071974419319,Peoples State Bank,Hamtramck,MI
113909942112491,Sunshine State Community Bank,Port Orange,FL
266268740824852,Community First Bank Chicago,Chicago,IL
242001371024107,North Georgia Bank,Watkinsville,GA
24514896465101,American Trust Bank,Roswell,GA
136050380701010,First Community Bank,Taos,NM
12006260628829,FirsTier Bank,Louisville,CO
25436929088175,Evergreen State Bank,Stoughton,WI
30423473639698,The First State Bank,Camargo,OK
59259881613929,United Western Bank,Denver,CO
37147735252563,The Bank of Asheville,Asheville,NC
119280534774662,CommunitySouth Bank & Trust,Easley,SC
122468003274239,Enterprise Banking Company,McDonough,GA
277765604054489,Oglethorpe Bank,Brunswick,GA
173742740134649,Legacy Bank,Scottsdale,AZ
236207837337379,First Commercial Bank of Florida,Orlando,FL
210260052381214,Community National Bank,Lino Lakes,MN
128326158640044,First Southern Bank,Batesville,AR
90280617888172,"United Americas Bank, N.A.",Atlanta,GA
43568585719379,"Appalachian Community Bank, FSB",McCaysville,GA
21212461941517,Chestatee State Bank,Dawsonville,GA
65618363635438,"The Bank of Miami,N.A.",Coral Gables,FL
43982363674956,Earthstar Bank,Southampton,PA
234781340009486,Paramount Bank,Farmington Hills,MI
240773018933658,First Banking Center,Burlington,WI
1004833970165,Allegiance Bank of North America,Bala Cynwyd,PA
79736502200005,Gulf State Community Bank,Carrabelle,FL
145969510110150,Copper Star Bank,Scottsdale,AZ
143948284797151,Darby Bank & Trust Co.,Vidalia,GA
27001977380652,Tifton Banking Company,Tifton,GA
251791895082063,First Vietnamese American Bank,Westminster,CA
178390052512204,Pierce Commercial Bank,Tacoma,WA
203191824070964,Western Commercial Bank,Woodland Hills,CA
250185824229351,K Bank,Randallstown,MD
252239106218681,"First Arizona Savings, A FSB",Scottsdale,AZ
200239566689908,Hillcrest Bank,Overland Park,KS
168809263890755,First Suburban National Bank,Maywood,IL
16619992559273,The First National Bank of Barnesville,Barnesville,GA
93095125282722,The Gordon Bank,Gordon,GA
261042024144380,Progress Bank of Florida,Tampa,FL
125078272583754,First Bank of Jacksonville,Jacksonville,FL
103266061420002,Premier Bank,Jefferson City,MO
128990719880814,WestBridge Bank and Trust Company,Chesterfield,MO
13379424846209,"Security Savings Bank, F.S.B.",Olathe,KS
77285853728344,Shoreline Bank,Shoreline,WA
112561263744485,Wakulla Bank,Crawfordville,FL
186578608998858,North County Bank,Arlington,WA
174102160303576,Haven Trust Bank Florida,Ponte Vedra Beach,FL
186382989678164,Maritime Savings Bank,West Allis,WI
52583629341376,Bramble Savings Bank,Milford,OH
96964109596709,The Peoples Bank,Winder,GA
267648411112770,First Commerce Community Bank,Douglasville,GA
185175488410105,Bank of Ellijay,Ellijay,GA
39356729246715,ISN Bank,Cherry Hill,NJ
34740730157833,Horizon Bank,Bradenton,FL
271550721146387,Sonoma Valley Bank,Sonoma,CA
100198804807067,Los Padres Bank,Solvang,CA
131374560575468,Butte Community Bank,Chico,CA
280936028691752,Pacific State Bank,Stockton,CA
151064380256612,ShoreBank,Chicago,IL
146254845058538,Imperial Savings and Loan Association,Martinsville,VA
207077220471886,Independent National Bank,Ocala,FL
195926959304070,Community National Bank at Bartow,Bartow,FL
131350045190613,Palos Bank and Trust Company,Palos Heights,IL
194943591022270,Ravenswood Bank,Chicago,IL
262134422601490,LibertyBank,Eugene,OR
232401479936208,The Cowlitz Bank,Longview,WA
278571499435293,Coastal Community Bank,Panama City Beach,FL
41272786344670,Bayside Savings Bank,Port Saint Joe,FL
72318533067928,Northwest Bank & Trust,Acworth,GA
102802255996015,Home Valley Bank,Cave Junction,OR
26464728206020,SouthwestUSA Bank,Las Vegas,NV
13424793036786,Community Security Bank,New Prague,MN
143714047765848,Thunder Bank,Sylvan Grove,KS
245670640632765,Williamsburg First National Bank,Kingstree,SC
184903272919734,Crescent Bank and Trust Company,Jasper,GA
9873170536615,Sterling Bank,Lantana,FL
10420295769025,"Mainstreet Savings Bank, FSB",Hastings,MI
182878814374390,Olde Cypress Community Bank,Clewiston,FL
127254869109545,Turnberry Bank,Aventura,FL
205913040998926,Metro Bank of Dade County,Miami,FL
53713680734778,First National Bank of the South,Spartanburg,SC
202766336580834,Woodlands Bank,Bluffton,SC
154533952309190,Home National Bank,Blackwell,OK
268863138427679,USA Bank,Port Chester,NY
163828026859590,Ideal Federal Savings Bank,Baltimore,MD
116110479370605,Bay National Bank,Baltimore,MD
20043689491391,High Desert State Bank,Albuquerque,NM
254363535222426,First National Bank,Savannah,GA
186272207623989,Peninsula Bank,Englewood,FL
61173132223866,Nevada Security Bank,Reno,NV
97257871958269,Washington First International Bank,Seattle,WA
261798338434470,TierOne Bank,Lincoln,NE
273051427692563,Arcola Homestead Savings Bank,Arcola,IL
142327522818662,First National Bank,Rosedale,MS
161811709899039,Sun West Bank,Las Vegas,NV
28862711488415,"Granite Community Bank, NA",Granite Bay,CA
200186536646358,Bank of Florida - Tampa,Tampa,FL
92652850098418,Bank of Florida - Southwest,Naples,FL
276557625667133,Bank of Florida - Southeast,Fort Lauderdale,FL
105834655443868,Pinehurst Bank,Saint Paul,MN
206286487847845,Midwest Bank and Trust Company,Elmwood Park,IL
134371198122525,Southwest Community Bank,Springfield,MO
114810403851076,New Liberty Bank,Plymouth,MI
149876601074224,Satilla Community Bank,Saint Marys,GA
99638775823347,1st Pacific Bank of California,San Diego,CA
29555152654340,Towne Bank of Arizona,Mesa,AZ
13462146452767,Access Bank,Champlin,MN
149843502661409,The Bank of Bonifay,Bonifay,FL
106511738445877,Frontier Bank,Everett,WA
51914326821277,BC National Banks,Butler,MO
157821841610716,Champion Bank,Creve Coeur,MO
9512199024180,CF Bancorp,Port Huron,MI
194133390959006,Westernbank Puerto Rico,Mayaguez,PR
191510162990747,R-G Premier Bank of Puerto Rico,Hato Rey,PR
88032346104498,Eurobank,San Juan,PR
154824771974767,Wheatland Bank,Naperville,IL
120836435144757,Peotone Bank and Trust Company,Peotone,IL
27036437426767,Lincoln Park Savings Bank,Chicago,IL
93323266532260,New Century Bank,Chicago,IL
2431034070940,Citizens Bank and Trust Company of Chicago,Chicago,IL
63546320109621,Broadway Bank,Chicago,IL
238270340235783,"Amcore Bank, National Association",Rockford,IL
278005572234327,City Bank,Lynnwood,WA
15386516020274,Tamalpais Bank,San Rafael,CA
56584399347217,Innovative Bank,Oakland,CA
26832769048553,Butler Bank,Lowell,MA
154534249321782,Riverside National Bank of Florida,Fort Pierce,FL
91728976693103,AmericanFirst Bank,Clermont,FL
262240776565653,First Federal Bank of North Florida,Palatka,FL
57383449516490,Lakeside Community Bank,Sterling Heights,MI
29242260072853,Beach First National Bank,Myrtle Beach,SC
249280806114797,Desert Hills Bank,Phoenix,AZ
22834967519952,Unity National Bank,Cartersville,GA
179732793494742,Key West Bank,Key West,FL
15359586741800,McIntosh Commercial Bank,Carrollton,GA
4678580834191,State Bank of Aurora,Aurora,MN
20809253261231,First Lowndes Bank,Fort Deposit,AL
207446189214539,Bank of Hiawassee,Hiawassee,GA
14434086267435,Appalachian Community Bank,Ellijay,GA
261991646040291,Advanta Bank Corp.,Draper,UT
261723654450727,Century Security Bank,Duluth,GA
222155575076618,American National Bank,Parma,OH
65955212934397,Statewide Bank,Covington,LA
248763243529824,Old Southern Bank,Orlando,FL
154010812581418,The Park Avenue Bank,New York,NY
94626975979211,LibertyPointe Bank,New York,NY
177316848934645,Centennial Bank,Ogden,UT
222961945388020,Waterfield Bank,Germantown,MD
20738171220596,Bank of Illinois,Normal,IL
203573794391319,Sun American Bank,Boca Raton,FL
137081433927901,Rainier Pacific Bank,Tacoma,WA
247821579662522,Carson River Community Bank,Carson City,NV
268589623670617,"La Jolla Bank, FSB",La Jolla,CA
36465358779524,George Washington Savings Bank,Orland Park,IL
143820648652276,The La Coste National Bank,La Coste,TX
44818147039660,Marco Community Bank,Marco Island,FL
82895207416442,1st American State Bank of Minnesota,Hancock,MN
226729026463675,American Marine Bank,Bainbridge Island,WA
166084696878431,First Regional Bank,Los Angeles,CA
217034207234454,Community Bank and Trust,Cornelia,GA
96675895983929,"Marshall Bank, N.A.",Hallock,MN
131206710186261,Florida Community Bank,Immokalee,FL
72387502455889,First National Bank of Georgia,Carrollton,GA
264695328408453,Columbia River Bank,The Dalles,OR
164113431340033,Evergreen Bank,Seattle,WA
112417995686574,Charter Bank,Santa Fe,NM
141272585644305,Bank of Leeton,Leeton,MO
189729884700424,Premier American Bank,Miami,FL
156862787797834,Barnes Banking Company,Kaysville,UT
229523889874081,St. Stephen State Bank,St. Stephen,MN
180190803356131,Town Community Bank & Trust,Antioch,IL
141808787960931,Horizon Bank,Bellingham,WA
161042026530454,"First Federal Bank of California, F.S.B.",Santa Monica,CA
63655711755874,Imperial Capital Bank,La Jolla,CA
115208446603850,Independent Bankers' Bank,Springfield,IL
64065699700191,New South Federal Savings Bank,Irondale,AL
72315007638828,Citizens State Bank,New Baltimore,MI
149363647502380,Peoples First Community Bank,Panama City,FL
114835126998637,RockBridge Commercial Bank,Atlanta,GA
93139209882434,SolutionsBank,Overland Park,KS
27103462287653,"Valley Capital Bank, N.A.",Mesa,AZ
229792448360424,"Republic Federal Bank, N.A.",Miami,FL
109601037211403,Greater Atlantic Bank,Reston,VA
7063480253288,Benchmark Bank,Aurora,IL
35189482321008,AmTrust Bank,Cleveland,OH
84978023591265,The Tattnall Bank,Reidsville,GA
116388433310019,First Security National Bank,Norcross,GA
146633412216900,The Buckhead Community Bank,Atlanta,GA
68915323638171,Commerce Bank of Southwest Florida,Fort Myers,FL
204305415308036,Pacific Coast National Bank,San Clemente,CA
57420005904649,Orion Bank,Naples,FL
124834069924910,"Century Bank, F.S.B.",Sarasota,FL
68530713773138,United Commercial Bank,San Francisco,CA
126510158852308,Gateway Bank of St. Louis,St. Louis,MO
263527392424577,Prosperan Bank,Oakdale,MN
116143320115107,Home Federal Savings Bank,Detroit,MI
65872862701981,United Security Bank,Sparta,GA
155698120098531,North Houston Bank,Houston,TX
44078438134671,Madisonville State Bank,Madisonville,TX
216909029193973,Citizens National Bank,Teague,TX
156551046434901,Park National Bank,Chicago,IL
238797748597800,Pacific National Bank,San Francisco,CA
129392555261601,California National Bank,Los Angeles,CA
250469847747037,San Diego National Bank,San Diego,CA
127378978050080,Community Bank of Lemont,Lemont,IL
243308575652324,"Bank USA, N.A.",Phoenix,AZ
159693513971134,First DuPage Bank,Westmont,IL
137279204024957,Riverview Community Bank,Otsego,MN
97936591423998,Bank of Elmwood,Racine,WI
267821050812453,Flagship National Bank,Bradenton,FL
100848752593459,Hillcrest Bank Florida,Naples,FL
173133111720008,American United Bank,Lawrenceville,GA
219354800883898,Partners Bank,Naples,FL
146315105419992,San Joaquin Bank,Bakersfield,CA
123530602116999,Southern Colorado National Bank,Pueblo,CO
57898351117325,Jennings State Bank,Spring Grove,MN
268532548975144,Warren Bank,Warren,MI
240973749502318,Georgian Bank,Atlanta,GA
265510444635009,"Irwin Union Bank, F.S.B.",Louisville,KY
76917116555422,Irwin Union Bank and Trust Company,Columbus,IN
258929858885765,Venture Bank,Lacey,WA
44728403665160,Brickwell Community Bank,Woodbury,MN
200751760051478,"Corus Bank, N.A.",Chicago,IL
219145324288163,First State Bank,Flagstaff,AZ
61145733311189,Platinum Community Bank,Rolling Meadows,IL
40286253920354,Vantus Bank,Sioux City,IA
217060601562169,InBank,Oak Forest,IL
97629340671656,First Bank of Kansas City,Kansas City,MO
214373113382390,Affinity Bank,Ventura,CA
36933576424157,Mainstreet Bank,Forest Lake,MN
10618937786763,Bradford Bank,Baltimore,MD
81579196812677,Guaranty Bank,Austin,TX
201377986987657,CapitalSouth Bank,Birmingham,AL
175090091377837,First Coweta Bank,Newnan,GA
197261491564276,ebank,Atlanta,GA
5885475120765,Community Bank of Nevada,Las Vegas,NV
247518864562190,Community Bank of Arizona,Phoenix,AZ
92811155498121,"Union Bank, National Association",Gilbert,AZ
39747055932175,Colonial Bank,Montgomery,AL
262860677046222,Dwelling House Savings and Loan Association,Pittsburgh,PA
237158187414337,Community First Bank,Prineville,OR
167173290433612,Community National Bank of Sarasota County,Venice,FL
65099086596141,First State Bank,Sarasota,FL
86996012070177,Mutual Bank,Harvey,IL
7220227832247,First BankAmericano,Elizabeth,NJ
260572647547099,Peoples Community Bank,West Chester,OH
195803162001161,Integrity Bank,Jupiter,FL
125094015293528,First State Bank of Altus,Altus,OK
55143845657847,Security Bank of Jones County,Gray,GA
268472663056528,Security Bank of Houston County,Perry,GA
23731954383464,Security Bank of Bibb County,Macon,GA
145333683190805,Security Bank of North Metro,Woodstock,GA
183953565136981,Security Bank of North Fulton,Alpharetta,GA
74870252653189,Security Bank of Gwinnett County,Suwanee,GA
22353885681323,Waterford Village Bank,Williamsville,NY
59323925185027,Temecula Valley Bank,Temecula,CA
31570399601532,Vineyard Bank,Rancho Cucamonga,CA
245894715839870,BankFirst,Sioux Falls,SD
46783994131005,First Piedmont Bank,Winder,GA
18376706509548,Bank of Wyoming,Thermopolis,WY
108546043490172,Founders Bank,Worth,IL
162678513840667,Millennium State Bank of Texas,Dallas,TX
125164946732019,First National Bank of Danville,Danville,IL
163775637583409,The Elizabeth State Bank,Elizabeth,IL
232113500613125,Rock River Bank,Oregon,IL
166656328014213,First State Bank of Winchester,Winchester,IL
77080367013033,John Warner Bank,Clinton,IL
167749452489610,Mirae Bank,Los Angeles,CA
11854276827561,MetroPacific Bank,Irvine,CA
31338076573337,Horizon Bank,Pine City,MN
81578168607473,Neighborhood Community Bank,Newnan,GA
149874217954229,Community Bank of West Georgia,Villa Rica,GA
107508969751642,First National Bank of Anthony,Anthony,KS
57745178750531,Cooperative Bank,Wilmington,NC
59925683740413,Southern Community Bank,Fayetteville,GA
149942458214632,Bank of Lincolnwood,Lincolnwood,IL
162734734133871,Citizens National Bank,Macomb,IL
146001243053424,Strategic Capital Bank,Champaign,IL
183584888426694,"BankUnited, FSB",Coral Gables,FL
49637726948451,Westsound Bank,Bremerton,WA
261714205197629,America West Bank,Layton,UT
91639234602748,Citizens Community Bank,Ridgewood,NJ
234247320305946,"Silverton Bank, NA",Atlanta,GA
179919190973004,First Bank of Idaho,Ketchum,ID
264494220666233,First Bank of Beverly Hills,Calabasas,CA
86270242771727,Michigan Heritage Bank,Farmington Hills,MI
238555393492719,American Southern Bank,Kennesaw,GA
76191120644447,Great Basin Bank of Nevada,Elko,NV
104594951083050,American Sterling Bank,Sugar Creek,MO
274939817162684,New Frontier Bank,Greeley,CO
155444954719330,Cape Fear Bank,Wilmington,NC
75139801798074,Omni National Bank,Atlanta,GA
162308544842831,"TeamBank, NA",Paola,KS
57622452367027,Colorado National Bank,Colorado Springs,CO
45558591552203,FirstCity Bank,Stockbridge,GA
128936865260017,Freedom Bank of Georgia,Commerce,GA
178467926258651,Security Savings Bank,Henderson,NV
249208689733942,Heritage Community Bank,Glenwood,IL
154794215937588,Silver Falls Bank,Silverton,OR
42083236388191,Pinnacle Bank of Oregon,Beaverton,OR
17927961239190,Corn Belt Bank & Trust Co.,Pittsfield,IL
97373673598350,Riverside Bank of the Gulf Coast,Cape Coral,FL
127099650237939,Sherman County Bank,Loup City,NE
188028463164001,County Bank,Merced,CA
71276897828374,Alliance Bank,Culver City,CA
272754390811552,FirstBank Financial Services,McDonough,GA
163360406760079,Ocala National Bank,Ocala,FL
207590909956781,Suburban FSB,Crofton,MD
110865420599696,MagnetBank,Salt Lake City,UT
255023763361996,1st Centennial Bank,Redlands,CA
246970701131586,Bank of Clark County,Vancouver,WA
46906086037230,National Bank of Commerce,Berkeley,IL
114042573527432,Sanderson State Bank,Sanderson,TX
194392549489721,Haven Trust Bank,Duluth,GA
162186776170222,First Georgia Community Bank,Jackson,GA
238167650132330,PFF Bank & Trust,Pomona,CA
235004729313580,Downey Savings & Loan,Newport Beach,CA
50908507927371,Community Bank,Loganville,GA
142378123838935,Security Pacific Bank,Los Angeles,CA
206381330513444,"Franklin Bank, SSB",Houston,TX
218460264502988,Freedom Bank,Bradenton,FL
279852520348327,Alpha Bank & Trust,Alpharetta,GA
263066742316754,Meridian Bank,Eldred,IL
230991021912118,Main Street Bank,Northville,MI
10439589497934,Washington Mutual Bank (Including its subsidiary Washington Mutual Bank FSB),Henderson,NV
209702733463034,Ameribank,Northfork,WV
115401512541974,Silver State Bank,Henderson,NV
228373211778573,Integrity Bank,Alpharetta,GA
67955935898059,Columbian Bank & Trust,Topeka,KS
10196833409931,First Priority Bank,Bradenton,FL
231697165256200,"First Heritage Bank, NA",Newport Beach,CA
22280445062955,First National Bank of Nevada,Reno,NV
259268383839957,IndyMac Bank,Pasadena,CA
85947512458761,"First Integrity Bank, NA",Staples,MN
74518316194651,"ANB Financial, NA",Bentonville,AR
146742555714040,Hume Bank,Hume,MO
228044796622934,Douglass National Bank,Kansas City,MO
80810904374405,Miami Valley Bank,Lakeview,OH
237365575619906,NetBank,Alpharetta,GA
256489033622382,Metropolitan Savings Bank,Pittsburgh,PA
238736209262804,Bank of Ephraim,Ephraim,UT
263629816112254,Reliance Bank,White Plains,NY
179212082536176,Guaranty National Bank of Tallahassee,Tallahassee,FL
185040066168257,Dollar Savings Bank,Newark,NJ
72603592760988,Pulaski Savings Bank,Philadelphia,PA
98189507826863,First National Bank of Blanchardville,Blanchardville,WI
189632070523009,Southern Pacific Bank,Torrance,CA
109361695997324,Farmers Bank of Cheneyville,Cheneyville,LA
124643416923948,Bank of Alamo,Alamo,TN
150064372608368,AmTrade International Bank,Atlanta,GA
69439981879940,Universal Federal Savings Bank,Chicago,IL
132731397697511,Connecticut Bank of Commerce,Stamford,CT
214530827575781,New Century Bank,Shelby Township,MI
149893600357703,Net 1st National Bank,Boca Raton,FL
52858719928452,"NextBank, NA",Phoenix,AZ
157656007223908,Oakwood Deposit Bank Co.,Oakwood,OH
155307724952985,Bank of Sierra Blanca,Sierra Blanca,TX
191193832962832,"Hamilton Bank, NA",Miami,FL
203852471551537,Sinclair National Bank,Gravette,AR
257861650734427,"Superior Bank, FSB",Hinsdale,IL
180606183013422,Malta National Bank,Malta,OH
66938316494047,First Alliance Bank & Trust Co.,Manchester,NH
35371171337566,National State Bank of Metropolis,Metropolis,IL
215371125770067,Bank of Honolulu,Honolulu,HI
